Product,Code,Exchange,FOI,File Type,Date,Event
Corn Put Options,null,XCBT,OPT,EOD,08/28/2000,First Data Capture
Corn Put Options,null,XCBT,OPT,EOD,09/05/2000,First Data Capture
Corn Put Options,null,XCBT,OPT,EOD,06/07/2005,First Data Capture
Corn Put Options,null,XCBT,OPT,EOD,02/27/1985,First Data Capture
Corn Put Options,null,XCBT,OPT,EOD,02/27/1985,First Data Capture
Corn Put Options,null,XCBT,OPT,EOD,01/04/1982,First Data Capture
Corn Future,ZC,XCBT,FUT,,12/31/2007,Short Trading Date
Corn Future,ZC,XCBT,FUT,,01/01/2008,Market Closed
Corn Future,ZC,XCBT,FUT,,01/01/2008,Market Closed
Corn Future,ZC,XCBT,FUT,,11/27/2008,Market Closed
Corn Future,ZC,XCBT,FUT,,11/28/2008,Short Trading Date
Corn Future,ZC,XCBT,FUT,,12/25/2008,Market Closed
Corn Future,ZC,XCBT,FUT,,12/25/2008,Market Closed
Corn Future,ZC,XCBT,FUT,,02/14/2004,Weekend
Corn Future,ZC,XCBT,FUT,,02/15/2004,Weekend
Corn Future,ZC,XCBT,FUT,,02/21/2004,Weekend
Corn Future,ZC,XCBT,FUT,,01/11/2004,Weekend
Corn Future,ZC,XCBT,FUT,,02/22/2004,Weekend
Corn Future,ZC,XCBT,FUT,,01/17/2004,Weekend
Corn Future,ZC,XCBT,FUT,,01/10/2004,Weekend
Corn Future,ZC,XCBT,FUT,,01/04/2004,Weekend
Corn Future,ZC,XCBT,FUT,,01/24/2004,Weekend
Corn Future,ZC,XCBT,FUT,,01/31/2004,Weekend
Corn Future,ZC,XCBT,FUT,,02/01/2004,Weekend
Corn Future,ZC,XCBT,FUT,,02/07/2004,Weekend
Corn Future,ZC,XCBT,FUT,,02/08/2004,Weekend
Corn Future,ZC,XCBT,FUT,,01/03/2004,Weekend
Corn Future,ZC,XCBT,FUT,,01/14/2005,Other
Corn Future,ZC,XCBT,FUT,,02/18/2005,Other
Corn Future,ZC,XCBT,FUT,,12/30/2004,Other
Corn Future,ZC,XCBT,FUT,,03/24/2005,Other
Corn Future,ZC,XCBT,FUT,,01/21/2008,Market Closed
Corn Future,ZC,XCBT,FUT,,02/18/2008,Market Closed
Corn Future,ZC,XCBT,FUT,,03/21/2008,Market Closed
Corn Future,ZC,XCBT,FUT,,07/04/2008,Market Closed
Corn Future,ZC,XCBT,FUT,,05/26/2008,Market Closed
Corn Future,ZC,XCBT,FUT,,09/01/2008,Market Closed
Corn Future,ZC,XCBT,FUT,EOD,08/28/2000,First Data Capture
Corn Future,ZC,XCBT,FUT,EOD,01/03/1972,First Data Capture
Corn Future,ZC,XCBT,FUT,,02/28/2004,Weekend
Corn Future,ZC,XCBT,FUT,,03/07/2004,Weekend
Corn Future,ZC,XCBT,FUT,,02/29/2004,Weekend
Corn Future,ZC,XCBT,FUT,,03/06/2004,Weekend
Corn Future,ZC,XCBT,FUT,,03/13/2004,Weekend
Corn Future,ZC,XCBT,FUT,,03/14/2004,Weekend
Corn Future,ZC,XCBT,FUT,EOD,04/06/2007,National Holiday
Corn Future,ZC,XCBT,FUT,,03/20/2004,Weekend
Corn Future,ZC,XCBT,FUT,,03/21/2004,Weekend
Corn Call Options,null,XCBT,OPT,EOD,08/28/2000,First Data Capture
Corn Call Options,null,XCBT,OPT,EOD,09/05/2000,First Data Capture
Corn Call Options,null,XCBT,OPT,EOD,06/07/2005,First Data Capture
Corn Call Options,null,XCBT,OPT,EOD,02/27/1985,First Data Capture
Corn Call Options,null,XCBT,OPT,EOD,02/27/1985,First Data Capture
Corn Call Options,null,XCBT,OPT,EOD,01/04/1982,First Data Capture
Corn Dec-Dec CSO,12C,XCBT,OPT,EOD,04/06/2007,National Holiday
Corn Options,OZC,XCBT,OPT,,12/31/2007,Short Trading Date
Corn Options,OZC,XCBT,OPT,,01/01/2008,Market Closed
Corn Options,OZC,XCBT,OPT,,01/01/2008,Market Closed
Corn Options,OZC,XCBT,OPT,,11/27/2008,Market Closed
Corn Options,OZC,XCBT,OPT,,11/28/2008,Short Trading Date
Corn Options,OZC,XCBT,OPT,,12/25/2008,Market Closed
Corn Options,OZC,XCBT,OPT,,12/25/2008,Market Closed
Corn Options,OZC,XCBT,OPT,,02/14/2004,Weekend
Corn Options,OZC,XCBT,OPT,,02/15/2004,Weekend
Corn Options,OZC,XCBT,OPT,,02/21/2004,Weekend
Corn Options,OZC,XCBT,OPT,,01/11/2004,Weekend
Corn Options,OZC,XCBT,OPT,,02/22/2004,Weekend
Corn Options,OZC,XCBT,OPT,,01/17/2004,Weekend
Corn Options,OZC,XCBT,OPT,,01/10/2004,Weekend
Corn Options,OZC,XCBT,OPT,,01/04/2004,Weekend
Corn Options,OZC,XCBT,OPT,,01/24/2004,Weekend
Corn Options,OZC,XCBT,OPT,,01/31/2004,Weekend
Corn Options,OZC,XCBT,OPT,,02/01/2004,Weekend
Corn Options,OZC,XCBT,OPT,,02/07/2004,Weekend
Corn Options,OZC,XCBT,OPT,,02/08/2004,Weekend
Corn Options,OZC,XCBT,OPT,,01/03/2004,Weekend
Corn Options,OZC,XCBT,OPT,,12/30/2004,Other
Corn Options,OZC,XCBT,OPT,,01/21/2008,Market Closed
Corn Options,OZC,XCBT,OPT,,02/18/2008,Market Closed
Corn Options,OZC,XCBT,OPT,,03/21/2008,Market Closed
Corn Options,OZC,XCBT,OPT,,07/04/2008,Market Closed
Corn Options,OZC,XCBT,OPT,,05/26/2008,Market Closed
Corn Options,OZC,XCBT,OPT,,09/01/2008,Market Closed
Corn Options,OZC,XCBT,OPT,EOD,08/28/2000,First Data Capture
Corn Options,OZC,XCBT,OPT,EOD,09/05/2000,First Data Capture
Corn Options,OZC,XCBT,OPT,EOD,06/07/2005,First Data Capture
Corn Options,OZC,XCBT,OPT,EOD,02/27/1985,First Data Capture
Corn Options,OZC,XCBT,OPT,EOD,02/27/1985,First Data Capture
Corn Options,OZC,XCBT,OPT,EOD,01/04/1982,First Data Capture
Corn Options,OZC,XCBT,OPT,,02/28/2004,Weekend
Corn Options,OZC,XCBT,OPT,,03/07/2004,Weekend
Corn Options,OZC,XCBT,OPT,,02/29/2004,Weekend
Corn Options,OZC,XCBT,OPT,,03/06/2004,Weekend
Corn Options,OZC,XCBT,OPT,,03/13/2004,Weekend
Corn Options,OZC,XCBT,OPT,,03/14/2004,Weekend
Corn Options,OZC,XCBT,OPT,EOD,04/06/2007,National Holiday
Corn Options,OZC,XCBT,OPT,,03/20/2004,Weekend
Corn Options,OZC,XCBT,OPT,,03/21/2004,Weekend
Corn Dec-July CSO,CZ8,XCBT,OPT,EOD,04/06/2007,National Holiday
